account_id,account_name,industry,country,signup_date,referral_source,plan_tier,seats,is_trial,churn_flag,total_mrr,total_arr,avg_mrr,subscription_count,churned_subscription_records
A-2e4581,Company_0,EdTech,US,2024-10-16,partner,Basic,9,0,0,12603,151236,1260.3,10,0
A-43a9e3,Company_1,FinTech,IN,2023-08-17,other,Basic,18,0,1,10004,120048,1250.5,8,0
A-0a282f,Company_2,DevTools,US,2024-08-27,organic,Basic,1,0,0,18286,219432,1219.0666666666666,15,3
A-1f0ac7,Company_3,HealthTech,UK,2023-08-27,other,Basic,24,1,0,9275,111300,1325.0,7,0
A-ce550d,Company_4,HealthTech,US,2024-10-27,event,Enterprise,35,0,1,48761,585132,5417.888888888889,9,2
A-1b9609,Company_5,EdTech,IN,2023-10-12,ads,Enterprise,4,0,0,16810,201720,1528.1818181818182,11,1
A-a0ca4e,Company_6,Cybersecurity,US,2024-03-08,ads,Pro,11,0,0,16633,199596,1848.111111111111,9,0
A-e5d6ab,Company_7,EdTech,US,2023-04-15,partner,Pro,3,0,0,13048,156576,1304.8,10,1
A-7dacce,Company_8,Cybersecurity,CA,2024-09-10,event,Enterprise,12,0,1,23057,276684,2305.7,10,0
A-10b8da,Company_9,DevTools,US,2023-05-08,partner,Enterprise,14,0,1,8787,105444,1464.5,6,1
A-592832,Company_10,Cybersecurity,US,2024-09-25,organic,Basic,18,0,1,32571,390852,1714.2631578947369,19,3
A-d40bf7,Company_11,FinTech,IN,2024-11-08,organic,Basic,59,0,0,43247,518964,4324.7,10,0
A-6c093d,Company_12,DevTools,US,2023-04-14,partner,Basic,7,1,0,16242,194904,1353.5,12,3
A-462d45,Company_13,Cybersecurity,US,2024-01-15,partner,Enterprise,11,1,0,23432,281184,1952.6666666666667,12,2
A-956988,Company_14,EdTech,UK,2024-11-30,ads,Enterprise,1,0,0,29407,352884,2262.076923076923,13,1
A-ac14bb,Company_15,FinTech,US,2023-09-08,partner,Enterprise,21,0,0,27746,332952,3468.25,8,2
A-463db0,Company_16,HealthTech,US,2024-12-05,partner,Basic,15,0,0,13266,159192,1895.142857142857,7,0
A-ce66f8,Company_17,EdTech,CA,2023-08-23,event,Pro,29,0,0,11858,142296,1976.3333333333333,6,0
A-c4ea60,Company_18,FinTech,DE,2023-03-09,other,Enterprise,18,0,1,14646,175752,1627.3333333333333,9,0
A-832ec2,Company_19,FinTech,UK,2023-11-19,event,Enterprise,4,1,0,9299,111588,1162.375,8,0
A-684255,Company_20,FinTech,US,2024-04-14,ads,Enterprise,9,0,0,11844,142128,846.0,14,3
A-c42f1f,Company_21,HealthTech,US,2024-07-28,other,Pro,8,0,0,5175,62100,646.875,8,1
A-4e44e8,Company_22,DevTools,US,2024-08-20,ads,Enterprise,3,0,1,36445,437340,2603.214285714286,14,2
A-30b4ca,Company_23,EdTech,IN,2024-05-20,organic,Basic,86,0,1,75938,911256,9492.25,8,0
A-9f2731,Company_24,FinTech,IN,2024-10-04,event,Enterprise,1,0,0,3613,43356,516.1428571428571,7,0
A-32fb14,Company_25,DevTools,US,2023-03-07,event,Enterprise,26,0,1,10162,121944,1129.111111111111,9,2
A-00cac8,Company_26,HealthTech,AU,2023-09-15,organic,Enterprise,8,1,0,14121,169452,1569.0,9,0
A-35083d,Company_27,HealthTech,IN,2023-04-28,partner,Basic,19,0,1,32433,389196,2027.0625,16,1
A-eb7fac,Company_28,DevTools,US,2023-10-28,organic,Enterprise,7,0,0,42096,505152,4209.6,10,1
A-b20d99,Company_29,HealthTech,IN,2023-09-27,other,Basic,20,0,0,11069,132828,1581.2857142857142,7,0
A-396e5f,Company_30,Cybersecurity,CA,2024-10-02,other,Enterprise,2,0,0,10236,122832,1023.6,10,0
A-45ce7a,Company_31,FinTech,US,2023-07-23,ads,Enterprise,16,0,0,8216,98592,1173.7142857142858,7,1
A-08e34e,Company_32,EdTech,US,2024-06-27,event,Basic,14,0,1,21821,261852,1983.7272727272727,11,0
A-8145a0,Company_33,Cybersecurity,AU,2023-04-25,partner,Basic,2,1,0,17260,207120,1438.3333333333333,12,1
A-bad8c1,Company_34,FinTech,AU,2023-03-01,organic,Basic,7,0,0,7797,93564,1113.857142857143,7,0
A-44dc83,Company_35,EdTech,FR,2024-05-12,other,Basic,5,0,0,456,5472,114.0,4,0
A-f446b6,Company_36,DevTools,DE,2023-05-12,ads,Pro,5,1,0,11392,136704,1265.7777777777778,9,1
A-a45270,Company_37,HealthTech,US,2024-06-24,ads,Enterprise,3,0,0,20131,241572,1677.5833333333333,12,1
A-854864,Company_38,FinTech,IN,2024-12-07,event,Enterprise,20,0,0,14759,177108,2459.8333333333335,6,1
A-1b7577,Company_39,Cybersecurity,US,2024-10-27,other,Pro,4,0,0,8771,105252,797.3636363636364,11,2
A-05f0e5,Company_40,FinTech,US,2023-05-04,partner,Basic,32,0,0,51109,613308,4259.083333333333,12,0
A-9077b0,Company_41,HealthTech,US,2024-08-25,ads,Basic,2,0,0,3565,42780,509.2857142857143,7,2
A-7f8241,Company_42,EdTech,US,2023-03-14,organic,Pro,34,0,1,39516,474192,2634.4,15,0
A-2bc93d,Company_43,HealthTech,US,2023-03-14,event,Basic,14,0,0,32394,388728,2491.846153846154,13,1
A-f3ff05,Company_44,FinTech,IN,2024-07-06,other,Enterprise,2,0,0,19465,233580,1497.3076923076924,13,1
A-2d4502,Company_45,FinTech,IN,2024-04-29,event,Basic,7,0,0,29071,348852,2907.1,10,0
A-6a4e2d,Company_46,EdTech,UK,2023-04-07,partner,Pro,9,0,0,10394,124728,944.9090909090909,11,3
A-eb7c38,Company_47,DevTools,AU,2024-02-25,organic,Enterprise,5,0,0,38210,458520,2547.3333333333335,15,4
A-c37601,Company_48,EdTech,US,2024-10-31,partner,Basic,6,1,0,20475,245700,1706.25,12,2
A-3b5cd1,Company_49,FinTech,US,2023-09-12,event,Basic,13,1,0,23676,284112,1821.2307692307693,13,0
A-b2225d,Company_50,FinTech,US,2024-03-08,ads,Basic,47,0,1,19088,229056,1590.6666666666667,12,0
A-94f8c9,Company_51,HealthTech,US,2024-03-29,other,Basic,13,0,0,31989,383868,1999.3125,16,1
A-02fac6,Company_52,FinTech,US,2023-04-06,event,Pro,22,0,0,26410,316920,2400.909090909091,11,0
A-c1dfe1,Company_53,DevTools,DE,2023-08-07,ads,Pro,26,0,0,25790,309480,3223.75,8,1
A-32728c,Company_54,DevTools,US,2023-01-03,event,Pro,20,0,1,4498,53976,562.25,8,1
A-4c38bc,Company_55,HealthTech,UK,2024-03-09,event,Basic,36,0,1,48060,576720,3003.75,16,2
A-1b707d,Company_56,Cybersecurity,US,2023-07-14,organic,Enterprise,1,0,0,9332,111984,1166.5,8,1
A-6f8ad2,Company_57,EdTech,IN,2024-07-09,organic,Basic,1,0,0,25928,311136,1525.1764705882354,17,2
A-4d1e75,Company_58,DevTools,US,2024-08-21,other,Basic,20,0,0,31390,376680,2414.6153846153848,13,0
A-9ee962,Company_59,HealthTech,US,2023-02-28,ads,Basic,9,0,1,9420,113040,1046.6666666666667,9,2
A-378b99,Company_60,EdTech,UK,2024-09-01,ads,Pro,8,1,0,12116,145392,1009.6666666666666,12,1
A-94d3da,Company_61,HealthTech,US,2023-05-03,other,Basic,41,0,0,22673,272076,1889.4166666666667,12,1
A-e351e1,Company_62,EdTech,US,2024-09-26,other,Enterprise,33,0,0,3498,41976,699.6,5,1
A-9badbd,Company_63,Cybersecurity,DE,2024-06-19,ads,Enterprise,5,1,0,32477,389724,2498.230769230769,13,2
A-7e0a10,Company_64,FinTech,US,2023-11-18,ads,Enterprise,46,0,0,41116,493392,4111.6,10,0
A-118d55,Company_65,Cybersecurity,US,2024-10-22,organic,Basic,8,0,0,23919,287028,1993.25,12,1
A-526d93,Company_66,HealthTech,FR,2024-04-14,organic,Basic,43,0,0,39201,470412,4355.666666666667,9,1
A-f92792,Company_67,FinTech,US,2024-07-04,ads,Pro,1,0,0,18807,225684,1343.357142857143,14,0
A-84ebe4,Company_68,FinTech,US,2023-03-12,ads,Pro,18,1,1,27994,335928,2544.909090909091,11,2
A-5b4ebb,Company_69,Cybersecurity,UK,2024-07-10,other,Basic,21,1,1,27803,333636,2138.6923076923076,13,1
A-2922b6,Company_70,HealthTech,US,2024-11-14,organic,Basic,15,0,0,10669,128028,1778.1666666666667,6,1
A-9b9fe9,Company_71,EdTech,AU,2023-09-28,other,Basic,5,0,0,19725,236700,1643.75,12,1
A-a8b49c,Company_72,Cybersecurity,UK,2023-10-06,partner,Basic,7,0,0,11567,138804,963.9166666666666,12,0
A-9174e0,Company_73,Cybersecurity,US,2024-12-04,partner,Basic,37,0,0,53976,647712,3598.4,15,1
A-a1bbb6,Company_74,DevTools,CA,2023-04-05,organic,Basic,1,0,0,14402,172824,1800.25,8,1
A-c45b23,Company_75,FinTech,UK,2023-12-08,partner,Basic,5,0,0,8504,102048,708.6666666666666,12,1
A-02cd81,Company_76,HealthTech,IN,2024-03-28,other,Basic,44,0,0,32956,395472,2354.0,14,1
A-ee42db,Company_77,EdTech,DE,2023-04-25,ads,Enterprise,13,0,0,11567,138804,963.9166666666666,12,0
A-432483,Company_78,Cybersecurity,US,2023-02-06,ads,Pro,4,0,0,25813,309756,2868.1111111111113,9,3
A-9208f0,Company_79,EdTech,US,2023-05-11,organic,Pro,1,0,1,3511,42132,438.875,8,1
A-98a59a,Company_80,FinTech,UK,2023-08-04,partner,Enterprise,56,0,0,36456,437472,3645.6,10,0
A-fe79a5,Company_81,HealthTech,IN,2024-02-21,ads,Basic,9,1,0,13532,162384,1353.2,10,2
A-726cfa,Company_82,DevTools,US,2023-07-01,partner,Pro,11,0,0,34782,417384,1830.6315789473683,19,2
A-c43359,Company_83,FinTech,US,2024-11-16,organic,Pro,38,0,0,12312,147744,1539.0,8,2
A-271f46,Company_84,DevTools,US,2023-02-09,event,Pro,38,0,1,19604,235248,2450.5,8,0
A-157070,Company_85,FinTech,US,2023-11-09,ads,Pro,16,0,0,27506,330072,1719.125,16,4
A-40a557,Company_86,Cybersecurity,AU,2023-12-03,partner,Pro,16,1,0,23324,279888,2591.5555555555557,9,1
A-66224b,Company_87,HealthTech,US,2024-10-18,other,Pro,92,1,0,69184,830208,5765.333333333333,12,1
A-91e948,Company_88,EdTech,AU,2023-01-29,partner,Basic,41,0,0,21894,262728,3127.714285714286,7,0
A-104f1a,Company_89,Cybersecurity,US,2024-08-17,other,Pro,24,0,0,12617,151404,1577.125,8,1
A-7988d1,Company_90,Cybersecurity,US,2023-12-20,other,Basic,33,0,0,10692,128304,1188.0,9,1
A-faa28c,Company_91,HealthTech,US,2024-01-30,organic,Enterprise,48,0,0,58404,700848,4171.714285714285,14,2
A-f25509,Company_92,EdTech,US,2024-03-22,other,Enterprise,32,0,0,16122,193464,3224.4,5,0
A-3a7284,Company_93,FinTech,US,2024-11-17,organic,Enterprise,31,0,0,35519,426228,2959.9166666666665,12,3
A-3a5ad8,Company_94,HealthTech,US,2023-12-05,organic,Enterprise,9,1,0,28701,344412,2207.769230769231,13,0
A-65a46c,Company_95,HealthTech,US,2023-11-04,event,Pro,1,0,0,22675,272100,2834.375,8,1
A-8b25f2,Company_96,Cybersecurity,US,2024-02-17,ads,Pro,6,0,1,14048,168576,1080.6153846153845,13,2
A-fabe19,Company_97,DevTools,UK,2024-11-11,ads,Enterprise,1,0,0,20497,245964,2928.1428571428573,7,2
A-adc1f3,Company_98,Cybersecurity,US,2024-08-05,organic,Pro,2,0,0,26608,319296,2956.4444444444443,9,1
A-503d5a,Company_99,FinTech,US,2023-10-21,other,Enterprise,4,0,1,17884,214608,1490.3333333333333,12,0
A-fd7ad3,Company_100,Cybersecurity,US,2024-11-01,event,Enterprise,1,0,0,3831,45972,383.1,10,2
A-186a44,Company_101,HealthTech,US,2023-08-07,ads,Enterprise,20,0,0,20989,251868,1499.2142857142858,14,1
A-e888d1,Company_102,Cybersecurity,US,2023-03-28,other,Pro,14,0,0,13646,163752,1240.5454545454545,11,2
A-69fad4,Company_103,FinTech,UK,2023-04-06,ads,Basic,6,0,1,8721,104652,1245.857142857143,7,2
A-9289f6,Company_104,EdTech,US,2023-05-31,event,Enterprise,1,0,0,13096,157152,1091.3333333333333,12,1
A-f19409,Company_105,DevTools,US,2023-03-16,other,Basic,23,0,1,34136,409632,2844.6666666666665,12,1
A-22f2df,Company_106,DevTools,US,2024-12-14,ads,Basic,3,0,0,7451,89412,827.8888888888889,9,0
A-039727,Company_107,EdTech,AU,2024-11-02,organic,Pro,25,0,0,36420,437040,2428.0,15,1
A-2e3bad,Company_108,FinTech,CA,2023-08-13,other,Pro,61,0,0,45872,550464,4587.2,10,2
A-484819,Company_109,HealthTech,US,2023-02-21,organic,Pro,18,0,0,20604,247248,2575.5,8,2
A-425e76,Company_110,DevTools,UK,2023-05-17,other,Enterprise,8,0,1,17111,205332,1555.5454545454545,11,1
A-e83938,Company_111,DevTools,UK,2023-11-21,other,Pro,2,1,1,7503,90036,937.875,8,0
A-ad296b,Company_112,DevTools,AU,2024-07-15,event,Pro,38,0,0,18430,221160,3071.6666666666665,6,1
A-e51ec7,Company_113,FinTech,CA,2023-09-23,partner,Enterprise,2,0,0,24076,288912,3009.5,8,1
A-0aaf6e,Company_114,FinTech,US,2024-05-11,organic,Enterprise,3,0,0,24084,289008,2676.0,9,1
A-e61e98,Company_115,FinTech,US,2023-10-20,partner,Enterprise,19,0,1,13484,161808,1498.2222222222222,9,0
A-92a333,Company_116,FinTech,US,2023-03-24,event,Enterprise,9,0,0,10659,127908,1776.5,6,0
A-95b24a,Company_117,FinTech,US,2023-06-06,event,Pro,38,0,1,25034,300408,2275.818181818182,11,0
A-42e5e1,Company_118,DevTools,US,2024-07-09,ads,Pro,1,0,1,8916,106992,1273.7142857142858,7,1
A-7d514c,Company_119,HealthTech,DE,2024-02-03,organic,Enterprise,17,0,0,24274,291288,2697.1111111111113,9,1
A-65aeb5,Company_120,DevTools,US,2024-01-25,partner,Pro,9,0,0,34392,412704,2866.0,12,3
A-e2cd1b,Company_121,DevTools,US,2024-02-04,other,Enterprise,15,0,0,12548,150576,1394.2222222222222,9,0
A-180abf,Company_122,DevTools,US,2023-08-14,event,Pro,64,0,1,37312,447744,4145.777777777777,9,2
A-f17767,Company_123,DevTools,US,2023-01-30,event,Enterprise,1,1,1,16139,193668,1152.7857142857142,14,2
A-5a184f,Company_124,DevTools,DE,2023-06-19,other,Enterprise,1,0,1,20683,248196,2068.3,10,1
A-7df7a7,Company_125,DevTools,US,2023-01-28,organic,Basic,7,0,1,29155,349860,1943.6666666666667,15,1
A-1ac5e0,Company_126,DevTools,US,2024-10-20,event,Basic,33,0,1,18249,218988,1824.9,10,0
A-52dd88,Company_127,Cybersecurity,US,2023-02-21,ads,Pro,23,0,0,16592,199104,1508.3636363636363,11,0
A-bece89,Company_128,Cybersecurity,IN,2023-12-01,event,Pro,26,0,0,19250,231000,3208.3333333333335,6,0
A-029f69,Company_129,Cybersecurity,CA,2024-03-07,event,Basic,3,0,0,14638,175656,914.875,16,3
A-5c046d,Company_130,EdTech,FR,2024-07-06,partner,Basic,93,0,0,83886,1006632,10485.75,8,0
A-fb186e,Company_131,EdTech,IN,2024-10-27,organic,Basic,29,0,0,5771,69252,1923.6666666666667,3,0
A-ae052e,Company_132,FinTech,CA,2023-09-11,other,Basic,39,0,0,7693,92316,1282.1666666666667,6,3
A-9f9299,Company_133,FinTech,US,2023-09-02,organic,Enterprise,28,1,0,42403,508836,2826.866666666667,15,3
A-96e141,Company_134,DevTools,UK,2023-08-12,partner,Basic,14,0,0,15468,185616,2209.714285714286,7,1
A-117171,Company_135,HealthTech,FR,2024-09-12,organic,Basic,45,0,1,12015,144180,2403.0,5,1
A-313be3,Company_136,EdTech,US,2023-11-15,partner,Enterprise,47,1,0,19006,228072,1727.8181818181818,11,0
A-671f31,Company_137,DevTools,US,2024-11-24,ads,Basic,59,0,0,30385,364620,5064.166666666667,6,0
A-bbc346,Company_138,FinTech,US,2024-08-29,partner,Enterprise,19,0,0,33122,397464,2547.846153846154,13,2
A-c16101,Company_139,EdTech,IN,2024-09-06,other,Basic,7,0,0,12422,149064,1242.2,10,0
A-50f3f7,Company_140,HealthTech,US,2023-12-22,partner,Basic,31,0,1,44077,528924,2938.4666666666667,15,0
A-7da956,Company_141,Cybersecurity,US,2024-06-02,event,Pro,13,1,0,10963,131556,913.5833333333334,12,2
A-019782,Company_142,DevTools,FR,2023-04-19,event,Enterprise,11,0,0,8353,100236,928.1111111111111,9,1
A-df10db,Company_143,DevTools,US,2023-06-06,other,Enterprise,2,1,0,11730,140760,1066.3636363636363,11,1
A-3932db,Company_144,HealthTech,CA,2023-10-04,other,Pro,19,1,1,14087,169044,1565.2222222222222,9,1
A-4f18f0,Company_145,DevTools,CA,2024-04-21,other,Pro,24,1,0,30264,363168,2522.0,12,3
A-4c6f11,Company_146,FinTech,CA,2023-11-27,organic,Pro,24,1,1,7586,91032,1517.2,5,0
A-8ae05d,Company_147,FinTech,IN,2024-04-06,other,Enterprise,86,0,0,26230,314760,3747.1428571428573,7,1
A-b78bf8,Company_148,DevTools,US,2024-11-15,event,Pro,33,0,0,22423,269076,2802.875,8,0
A-eafc6e,Company_149,DevTools,US,2023-07-06,partner,Pro,27,0,1,16229,194748,2318.4285714285716,7,0
A-37f969,Company_150,HealthTech,IN,2023-10-14,partner,Enterprise,30,0,0,22959,275508,2869.875,8,0
A-10b8f2,Company_151,HealthTech,DE,2023-01-11,organic,Basic,47,1,0,30719,368628,2559.9166666666665,12,0
A-439b2f,Company_152,DevTools,US,2024-02-21,ads,Enterprise,1,0,1,1796,21552,299.3333333333333,6,1
A-544d0a,Company_153,DevTools,US,2024-05-02,organic,Basic,2,1,0,18492,221904,1849.2,10,0
A-ba6516,Company_154,FinTech,US,2023-10-29,ads,Pro,27,0,0,28379,340548,2183.0,13,0
A-712426,Company_155,HealthTech,US,2024-11-10,other,Enterprise,9,0,0,11197,134364,746.4666666666667,15,2
A-038089,Company_156,DevTools,FR,2023-12-19,other,Pro,5,0,1,2104,25248,701.3333333333334,3,0
A-afa505,Company_157,DevTools,US,2023-12-27,partner,Basic,70,1,0,66010,792120,7334.444444444444,9,1
A-d5a319,Company_158,FinTech,US,2023-05-04,other,Enterprise,15,0,1,37847,454164,3153.9166666666665,12,0
A-f97b9a,Company_159,FinTech,US,2023-07-09,event,Pro,16,0,0,23833,285996,2166.6363636363635,11,0
A-2f6a32,Company_160,HealthTech,US,2024-08-26,organic,Basic,19,0,0,7513,90156,683.0,11,2
A-856b1e,Company_161,FinTech,US,2023-10-31,partner,Basic,19,0,0,6321,75852,1053.5,6,0
A-17939a,Company_162,HealthTech,US,2024-12-26,organic,Basic,1,0,0,9669,116028,879.0,11,2
A-d27f50,Company_163,Cybersecurity,UK,2024-07-20,ads,Enterprise,44,0,0,44815,537780,3734.5833333333335,12,3
A-e36807,Company_164,EdTech,AU,2024-05-17,other,Pro,6,0,0,12569,150828,1256.9,10,1
A-ff79f2,Company_165,DevTools,US,2024-04-25,ads,Basic,8,0,1,27873,334476,3097.0,9,2
A-5b1bcd,Company_166,DevTools,US,2023-09-16,organic,Pro,73,0,0,133298,1599576,8886.533333333333,15,1
A-71615e,Company_167,EdTech,US,2024-05-18,organic,Basic,15,0,0,40713,488556,3131.769230769231,13,0
A-794a0b,Company_168,HealthTech,DE,2023-06-02,organic,Basic,23,0,0,10575,126900,1510.7142857142858,7,0
A-86902e,Company_169,HealthTech,IN,2023-05-02,other,Enterprise,34,0,0,36041,432492,3604.1,10,1
A-0532a9,Company_170,FinTech,IN,2024-09-25,event,Pro,19,0,0,15161,181932,1516.1,10,0
A-9779ad,Company_171,Cybersecurity,AU,2024-03-29,event,Pro,40,1,1,51680,620160,5168.0,10,0
A-f45426,Company_172,HealthTech,US,2024-08-05,organic,Basic,9,0,0,17289,207468,1571.7272727272727,11,2
A-c1e51e,Company_173,FinTech,US,2024-10-02,organic,Basic,3,0,0,23905,286860,2390.5,10,3
A-fa3095,Company_174,FinTech,US,2023-09-03,ads,Basic,70,0,0,69230,830760,5769.166666666667,12,0
A-ad64c6,Company_175,DevTools,UK,2024-02-23,event,Pro,12,0,0,14708,176496,2451.3333333333335,6,1
A-39b19f,Company_176,FinTech,US,2023-02-03,partner,Enterprise,1,0,0,21237,254844,1930.6363636363637,11,2
A-56962b,Company_177,EdTech,UK,2024-04-09,partner,Enterprise,163,0,0,54605,655260,7800.714285714285,7,1
A-e60f9d,Company_178,FinTech,US,2024-08-26,other,Basic,29,0,0,50817,609804,3387.8,15,2
A-88c6ca,Company_179,FinTech,DE,2024-10-25,ads,Basic,5,0,1,6449,77388,921.2857142857143,7,0
A-158f4e,Company_180,FinTech,IN,2023-03-03,other,Enterprise,61,0,0,43859,526308,3654.9166666666665,12,1
A-5b051a,Company_181,Cybersecurity,US,2024-08-05,event,Enterprise,22,0,0,2332,27984,583.0,4,1
A-296d7c,Company_182,DevTools,DE,2023-11-08,other,Enterprise,2,0,0,1989,23868,284.14285714285717,7,0
A-1619f8,Company_183,DevTools,US,2024-05-20,organic,Pro,29,0,0,19790,237480,2827.1428571428573,7,0
A-a1b80b,Company_184,HealthTech,US,2023-11-27,organic,Basic,16,0,0,34589,415068,2161.8125,16,1
A-139c3b,Company_185,HealthTech,US,2024-11-21,organic,Enterprise,10,1,1,9027,108324,1128.375,8,2
A-702032,Company_186,HealthTech,US,2023-10-03,ads,Pro,28,0,0,8540,102480,1423.3333333333333,6,2
A-7a0d69,Company_187,DevTools,DE,2024-06-15,ads,Enterprise,4,1,1,10362,124344,942.0,11,0
A-22d9d2,Company_188,DevTools,FR,2024-03-22,event,Pro,8,0,0,18746,224952,1339.0,14,3
A-b9eed8,Company_189,Cybersecurity,US,2024-02-23,organic,Basic,11,0,0,16577,198924,1507.0,11,0
A-dfbd31,Company_190,DevTools,UK,2023-12-04,partner,Enterprise,14,0,0,25079,300948,1791.357142857143,14,0
A-8e47ca,Company_191,HealthTech,US,2024-02-15,organic,Pro,19,0,0,28120,337440,3124.4444444444443,9,1
A-4437e4,Company_192,Cybersecurity,US,2023-09-16,event,Enterprise,3,0,0,17831,213972,1114.4375,16,1
A-779e4e,Company_193,HealthTech,US,2023-01-02,organic,Basic,5,0,0,28081,336972,2808.1,10,2
A-53f4e3,Company_194,Cybersecurity,UK,2024-06-14,event,Enterprise,13,0,0,15072,180864,1507.2,10,1
A-692f18,Company_195,EdTech,US,2024-03-28,other,Basic,5,1,1,30550,366600,1797.0588235294117,17,1
A-13466a,Company_196,DevTools,AU,2023-10-22,event,Basic,2,0,1,13343,160116,2223.8333333333335,6,4
A-1986ca,Company_197,HealthTech,IN,2023-01-30,ads,Pro,20,0,0,27661,331932,3951.5714285714284,7,0
A-0cc442,Company_198,EdTech,US,2024-07-18,organic,Basic,45,0,0,61935,743220,4764.2307692307695,13,2
A-c608c8,Company_199,DevTools,DE,2023-04-27,ads,Pro,3,0,1,9514,114168,1189.25,8,1
A-3be56b,Company_200,HealthTech,IN,2023-10-26,event,Pro,3,0,1,17040,204480,1420.0,12,2
A-354f12,Company_201,FinTech,US,2024-04-28,ads,Pro,1,1,0,8889,106668,2222.25,4,0
A-68f37c,Company_202,HealthTech,US,2023-07-15,ads,Basic,4,0,0,32270,387240,2689.1666666666665,12,2
A-aa9511,Company_203,DevTools,US,2023-10-10,other,Pro,23,1,0,60970,731640,4064.6666666666665,15,2
A-af0cd2,Company_204,Cybersecurity,IN,2023-01-03,other,Enterprise,19,1,0,6460,77520,587.2727272727273,11,2
A-bd4513,Company_205,DevTools,AU,2024-11-06,event,Enterprise,50,1,0,52204,626448,4350.333333333333,12,2
A-c222ab,Company_206,Cybersecurity,US,2024-05-10,other,Pro,32,0,1,18656,223872,2665.1428571428573,7,1
A-34d880,Company_207,Cybersecurity,AU,2024-04-11,ads,Enterprise,4,0,0,20964,251568,2329.3333333333335,9,1
A-508199,Company_208,FinTech,AU,2024-01-28,event,Basic,19,0,0,8436,101232,1687.2,5,0
A-f03140,Company_209,DevTools,IN,2023-11-22,event,Pro,27,1,0,21075,252900,2107.5,10,0
A-410e86,Company_210,FinTech,US,2024-11-10,organic,Basic,24,0,0,15960,191520,2280.0,7,2
A-fa2041,Company_211,HealthTech,US,2024-05-29,organic,Pro,15,1,0,20915,250980,1742.9166666666667,12,0
A-de58ca,Company_212,HealthTech,DE,2023-04-13,organic,Enterprise,15,0,0,23905,286860,2173.181818181818,11,2
A-05d3b3,Company_213,DevTools,AU,2023-05-28,ads,Basic,9,1,0,12610,151320,970.0,13,1
A-249769,Company_214,Cybersecurity,US,2024-04-25,event,Enterprise,4,0,1,15717,188604,1209.0,13,0
A-e43bf7,Company_215,Cybersecurity,AU,2023-03-24,other,Pro,44,0,0,46666,559992,6666.571428571428,7,0
A-eb2fdc,Company_216,DevTools,AU,2023-11-21,organic,Enterprise,31,0,1,31968,383616,2664.0,12,1
A-e1462e,Company_217,FinTech,UK,2023-03-12,partner,Basic,15,0,0,12030,144360,1718.5714285714287,7,0
A-cab532,Company_218,DevTools,FR,2023-04-03,organic,Pro,11,1,0,20088,241056,1339.2,15,1
A-9123ac,Company_219,Cybersecurity,DE,2023-06-20,organic,Pro,9,0,0,14751,177012,2107.285714285714,7,0
A-6e08f3,Company_220,Cybersecurity,US,2023-02-27,event,Basic,8,0,0,18190,218280,1819.0,10,0
A-d922bf,Company_221,HealthTech,US,2023-09-08,ads,Basic,5,1,1,17114,205368,2444.8571428571427,7,1
A-8ed5dd,Company_222,EdTech,UK,2023-06-29,event,Enterprise,5,0,1,11956,143472,996.3333333333334,12,1
A-7c6b6b,Company_223,FinTech,US,2024-11-30,other,Basic,6,0,0,4818,57816,688.2857142857143,7,2
A-3c1a3f,Company_224,DevTools,UK,2023-08-26,event,Pro,1,0,0,14909,178908,1242.4166666666667,12,2
A-b48f73,Company_225,EdTech,AU,2024-11-13,event,Pro,80,1,0,28320,339840,4045.714285714286,7,0
A-76fa4d,Company_226,HealthTech,US,2024-11-24,event,Pro,69,0,0,61686,740232,8812.285714285714,7,2
A-b2af2e,Company_227,Cybersecurity,UK,2024-08-24,event,Enterprise,5,0,0,3112,37344,778.0,4,0
A-9bfc9f,Company_228,DevTools,CA,2023-09-14,ads,Pro,53,0,0,15342,184104,1704.6666666666667,9,1
A-4ae22a,Company_229,EdTech,US,2024-05-09,other,Pro,6,0,1,9432,113184,1347.4285714285713,7,1
A-fda07f,Company_230,Cybersecurity,FR,2024-08-11,partner,Basic,7,0,0,28418,341016,2368.1666666666665,12,0
A-de24d5,Company_231,DevTools,US,2024-11-05,other,Enterprise,5,1,0,21327,255924,1640.5384615384614,13,1
A-977ca0,Company_232,HealthTech,IN,2023-02-20,partner,Basic,6,0,1,30055,360660,1878.4375,16,2
A-ab438f,Company_233,Cybersecurity,US,2024-09-13,ads,Enterprise,13,0,1,16358,196296,2044.75,8,3
A-e89151,Company_234,FinTech,UK,2023-09-14,organic,Pro,8,1,1,21734,260808,2414.8888888888887,9,2
A-40906c,Company_235,EdTech,US,2024-03-27,ads,Basic,92,0,0,64400,772800,5366.666666666667,12,0
A-81edc3,Company_236,Cybersecurity,IN,2023-10-30,ads,Basic,5,0,0,17524,210288,1460.3333333333333,12,0
A-328bd0,Company_237,HealthTech,AU,2023-05-16,partner,Enterprise,18,0,0,15979,191748,1229.1538461538462,13,2
A-b3fe05,Company_238,Cybersecurity,CA,2024-05-28,partner,Pro,8,0,0,24494,293928,2721.5555555555557,9,1
A-09540c,Company_239,Cybersecurity,CA,2023-10-30,event,Basic,67,1,0,23718,284616,3953.0,6,1
A-e693b6,Company_240,FinTech,AU,2023-05-25,event,Enterprise,55,0,1,34155,409860,2846.25,12,2
A-2446e3,Company_241,EdTech,IN,2024-01-10,organic,Pro,27,0,0,24138,289656,3448.285714285714,7,0
A-241e75,Company_242,EdTech,US,2024-07-03,partner,Enterprise,3,0,0,3594,43128,718.8,5,0
A-922109,Company_243,Cybersecurity,US,2024-01-26,ads,Pro,3,0,0,14118,169416,1086.0,13,1
A-ff3c73,Company_244,HealthTech,AU,2023-01-26,other,Pro,21,0,0,4335,52020,481.6666666666667,9,1
A-8b0451,Company_245,FinTech,UK,2024-09-16,event,Enterprise,41,0,0,31709,380508,3170.9,10,1
A-331424,Company_246,DevTools,US,2023-11-06,organic,Basic,11,0,0,6776,81312,1129.3333333333333,6,1
A-51ec1b,Company_247,DevTools,US,2023-11-08,ads,Enterprise,7,0,0,11087,133044,1847.8333333333333,6,2
A-bcf664,Company_248,DevTools,US,2023-05-19,other,Pro,5,0,0,13728,164736,1056.0,13,1
A-90a8c8,Company_249,FinTech,AU,2024-08-24,organic,Pro,15,0,0,26514,318168,3787.714285714286,7,0
A-86cdb4,Company_250,DevTools,DE,2024-09-22,partner,Basic,2,0,0,3551,42612,394.55555555555554,9,2
A-4bfa33,Company_251,Cybersecurity,US,2024-12-07,event,Basic,8,1,0,5606,67272,800.8571428571429,7,1
A-dbc825,Company_252,EdTech,FR,2024-01-07,partner,Enterprise,19,0,0,42404,508848,2650.25,16,4
A-c70870,Company_253,Cybersecurity,US,2024-10-22,partner,Basic,31,0,0,39614,475368,5659.142857142857,7,0
A-7c4956,Company_254,DevTools,US,2023-05-06,ads,Enterprise,5,0,1,3409,40908,426.125,8,3
A-0651a4,Company_255,HealthTech,FR,2024-10-16,organic,Pro,16,0,0,44564,534768,2970.9333333333334,15,1
A-3ce5b8,Company_256,FinTech,IN,2023-09-07,ads,Basic,8,0,1,16650,199800,1850.0,9,0
A-bd4708,Company_257,FinTech,US,2024-07-21,ads,Pro,37,1,0,38975,467700,2998.076923076923,13,0
A-993085,Company_258,HealthTech,US,2023-06-01,ads,Basic,31,1,0,48456,581472,3230.4,15,1
A-92a3af,Company_259,Cybersecurity,IN,2024-07-07,organic,Enterprise,25,0,0,34538,414456,3139.818181818182,11,0
A-151c9a,Company_260,FinTech,US,2023-01-27,ads,Enterprise,23,0,0,14250,171000,2850.0,5,0
A-474ad4,Company_261,EdTech,US,2023-11-28,organic,Basic,8,0,0,12125,145500,808.3333333333334,15,2
A-4ef964,Company_262,HealthTech,US,2024-03-07,organic,Pro,17,0,0,14279,171348,1586.5555555555557,9,1
A-fd9422,Company_263,Cybersecurity,US,2024-04-04,organic,Pro,58,0,0,28130,337560,3125.5555555555557,9,1
A-0baac2,Company_264,FinTech,DE,2024-05-30,organic,Enterprise,14,0,1,18500,222000,3083.3333333333335,6,2
A-bb1486,Company_265,HealthTech,US,2024-11-05,organic,Basic,41,0,0,16307,195684,2038.375,8,1
A-560d27,Company_266,DevTools,US,2024-05-05,organic,Pro,23,0,0,41641,499692,3470.0833333333335,12,1
A-0b0d6d,Company_267,DevTools,US,2024-12-30,organic,Pro,3,0,0,33491,401892,2576.230769230769,13,2
A-2789e3,Company_268,FinTech,US,2024-09-14,partner,Enterprise,11,0,0,24489,293868,2040.75,12,0
A-b07346,Company_269,HealthTech,US,2024-10-10,partner,Pro,51,0,1,31416,376992,6283.2,5,0
A-902ef7,Company_270,HealthTech,US,2024-09-03,other,Enterprise,83,0,1,44322,531864,5540.25,8,0
A-20736a,Company_271,EdTech,IN,2024-03-16,organic,Enterprise,50,0,0,40525,486300,5789.285714285715,7,0
A-e4bf56,Company_272,HealthTech,IN,2024-10-28,ads,Pro,17,0,1,18926,227112,2703.714285714286,7,1
A-cea1f0,Company_273,FinTech,US,2024-04-07,event,Pro,8,0,1,12244,146928,1224.4,10,0
A-ef84cf,Company_274,EdTech,US,2024-03-01,partner,Enterprise,8,0,0,7507,90084,1501.4,5,1
A-d49cc5,Company_275,Cybersecurity,FR,2023-09-19,event,Basic,50,0,0,13325,159900,1665.625,8,0
A-67be94,Company_276,EdTech,US,2023-04-04,organic,Enterprise,26,0,0,21930,263160,3132.8571428571427,7,1
A-4e960a,Company_277,FinTech,US,2024-01-17,other,Enterprise,12,1,1,23942,287304,1995.1666666666667,12,0
A-c37cab,Company_278,Cybersecurity,UK,2024-07-29,event,Pro,13,0,0,29433,353196,2452.75,12,2
A-533452,Company_279,DevTools,AU,2024-11-12,organic,Pro,9,0,0,20664,247968,1878.5454545454545,11,1
A-443b7c,Company_280,Cybersecurity,US,2024-09-06,other,Enterprise,1,0,1,24062,288744,1503.875,16,2
A-1f7acb,Company_281,FinTech,UK,2023-08-06,ads,Basic,64,1,0,46912,562944,5864.0,8,0
A-f51f16,Company_282,HealthTech,US,2023-12-25,partner,Enterprise,1,0,0,13310,159720,1663.75,8,1
A-5a3eb9,Company_283,DevTools,CA,2023-08-20,other,Enterprise,18,1,0,20293,243516,1561.0,13,1
A-5f2961,Company_284,HealthTech,US,2024-11-22,partner,Basic,4,0,0,10299,123588,1471.2857142857142,7,0
A-417d2f,Company_285,Cybersecurity,IN,2023-07-04,partner,Pro,4,1,0,22933,275196,1433.3125,16,1
A-e98302,Company_286,EdTech,US,2023-12-26,ads,Enterprise,16,1,0,12567,150804,2094.5,6,1
A-8bde0c,Company_287,DevTools,US,2024-11-04,organic,Basic,12,0,0,34198,410376,1899.888888888889,18,2
A-bcf87c,Company_288,FinTech,US,2024-06-27,event,Pro,10,0,1,21770,261240,1979.090909090909,11,2
A-54ecc2,Company_289,Cybersecurity,US,2023-06-11,partner,Enterprise,4,0,0,16168,194016,1469.8181818181818,11,0
A-625d0b,Company_290,EdTech,AU,2024-09-02,ads,Basic,9,0,0,11893,142716,1081.1818181818182,11,1
A-fce879,Company_291,EdTech,UK,2024-09-24,partner,Pro,10,1,1,6797,81564,1359.4,5,0
A-b07b56,Company_292,DevTools,US,2024-11-08,event,Pro,25,0,1,16984,203808,1132.2666666666667,15,1
A-6da850,Company_293,FinTech,IN,2023-10-07,organic,Pro,5,0,0,18559,222708,1159.9375,16,3
A-342303,Company_294,EdTech,US,2024-03-16,other,Pro,1,1,0,1695,20340,565.0,3,0
A-e7a1e2,Company_295,Cybersecurity,US,2024-06-23,event,Enterprise,3,0,0,20042,240504,1670.1666666666667,12,1
A-f1f639,Company_296,EdTech,US,2023-02-26,ads,Basic,2,0,0,2919,35028,729.75,4,0
A-a865bd,Company_297,Cybersecurity,US,2023-09-19,organic,Pro,38,0,0,21022,252264,4204.4,5,0
A-4e631b,Company_298,FinTech,US,2024-03-16,other,Enterprise,22,0,0,24398,292776,2218.0,11,0
A-7f6b86,Company_299,HealthTech,US,2023-08-24,partner,Basic,45,1,1,19402,232824,2155.777777777778,9,1
A-8adedc,Company_300,EdTech,US,2024-02-11,event,Basic,4,1,1,28328,339936,2023.4285714285713,14,2
A-2edab2,Company_301,HealthTech,US,2023-11-17,event,Enterprise,17,0,0,11390,136680,1139.0,10,1
A-149a69,Company_302,DevTools,US,2024-10-17,event,Basic,34,0,0,8058,96696,2686.0,3,0
A-a6d261,Company_303,FinTech,CA,2023-11-29,other,Pro,9,0,0,38191,458292,2727.9285714285716,14,1
A-443f6f,Company_304,Cybersecurity,US,2024-12-07,organic,Basic,19,0,0,13594,163128,1510.4444444444443,9,1
A-202b67,Company_305,HealthTech,US,2024-03-22,organic,Pro,11,0,0,18168,218016,2018.6666666666667,9,1
A-00bed1,Company_306,Cybersecurity,US,2023-11-14,ads,Basic,28,1,0,33506,402072,3350.6,10,0
A-ffc04f,Company_307,EdTech,US,2024-06-06,ads,Pro,13,0,0,20039,240468,1335.9333333333334,15,2
A-65c341,Company_308,FinTech,US,2023-12-26,ads,Pro,11,1,0,30546,366552,3818.25,8,2
A-dcc2f0,Company_309,FinTech,UK,2023-07-22,organic,Basic,15,0,0,17493,209916,1166.2,15,1
A-ced9aa,Company_310,DevTools,US,2024-10-05,other,Enterprise,3,0,0,6252,75024,568.3636363636364,11,2
A-3d957b,Company_311,HealthTech,UK,2024-04-04,other,Pro,14,0,0,11852,142224,1975.3333333333333,6,1
A-89ee83,Company_312,Cybersecurity,US,2024-10-04,organic,Pro,1,0,1,24907,298884,2264.2727272727275,11,2
A-883b7d,Company_313,Cybersecurity,IN,2024-03-28,other,Basic,17,0,0,30524,366288,2543.6666666666665,12,1
A-dcc3f1,Company_314,HealthTech,US,2023-12-27,event,Pro,21,0,0,12747,152964,1593.375,8,0
A-c62e55,Company_315,EdTech,US,2023-02-08,partner,Basic,1,1,0,11902,142824,1322.4444444444443,9,0
A-e4144b,Company_316,EdTech,UK,2024-10-22,other,Pro,41,0,0,35424,425088,3542.4,10,0
A-e40f45,Company_317,HealthTech,US,2024-04-18,organic,Pro,21,0,0,11825,141900,1689.2857142857142,7,1
A-96215d,Company_318,FinTech,US,2024-08-08,event,Enterprise,10,0,0,10312,123744,1718.6666666666667,6,0
A-2b9d3e,Company_319,EdTech,US,2023-06-04,partner,Enterprise,1,0,0,5142,61704,571.3333333333334,9,0
A-b7724f,Company_320,HealthTech,UK,2023-03-28,organic,Basic,1,0,0,3222,38664,402.75,8,3
A-310452,Company_321,DevTools,FR,2024-12-25,other,Enterprise,9,0,0,11003,132036,2200.6,5,0
A-eb1312,Company_322,FinTech,US,2024-09-16,partner,Pro,25,0,0,18147,217764,1512.25,12,1
A-df1e44,Company_323,Cybersecurity,UK,2024-02-23,organic,Enterprise,12,0,0,13107,157284,1191.5454545454545,11,1
A-6a7c9d,Company_324,Cybersecurity,US,2024-10-24,organic,Enterprise,26,0,1,13028,156336,2605.6,5,1
A-cbd1a3,Company_325,DevTools,US,2024-11-25,other,Basic,6,0,1,16351,196212,1635.1,10,0
A-a8d89d,Company_326,EdTech,US,2023-12-08,ads,Pro,13,0,0,29320,351840,2443.3333333333335,12,0
A-600734,Company_327,DevTools,US,2023-11-14,organic,Pro,29,1,1,18132,217584,1394.7692307692307,13,2
A-86fc1d,Company_328,DevTools,UK,2024-07-26,partner,Basic,26,0,0,15181,182172,1686.7777777777778,9,2
A-78f02b,Company_329,HealthTech,US,2024-11-17,event,Enterprise,11,0,0,15081,180972,3770.25,4,0
A-acb7f7,Company_330,EdTech,US,2024-01-06,ads,Basic,32,0,0,32574,390888,2714.5,12,0
A-712f1c,Company_331,DevTools,US,2023-12-16,ads,Basic,17,0,1,42999,515988,3583.25,12,1
A-3793ee,Company_332,Cybersecurity,CA,2023-03-21,organic,Enterprise,49,1,0,26705,320460,3815.0,7,1
A-9a532a,Company_333,HealthTech,US,2024-07-06,partner,Enterprise,11,0,0,10945,131340,2736.25,4,0
A-2ebb4b,Company_334,HealthTech,US,2023-05-15,ads,Basic,41,0,0,30688,368256,3068.8,10,1
A-6843f2,Company_335,HealthTech,CA,2024-12-10,ads,Enterprise,21,0,0,16520,198240,1835.5555555555557,9,0
A-c9bb3e,Company_336,EdTech,US,2024-03-24,ads,Pro,5,0,0,15217,182604,1521.7,10,1
A-4814a3,Company_337,Cybersecurity,IN,2024-09-17,event,Basic,87,0,1,87957,1055484,7996.090909090909,11,1
A-b7b7b7,Company_338,FinTech,US,2024-06-30,event,Basic,24,0,1,28558,342696,2379.8333333333335,12,0
A-ccc747,Company_339,HealthTech,FR,2024-01-12,event,Pro,16,0,1,4812,57744,802.0,6,1
A-bb3bd4,Company_340,HealthTech,US,2024-01-27,ads,Basic,23,0,0,7452,89424,1064.5714285714287,7,0
A-09316c,Company_341,FinTech,AU,2024-09-11,organic,Enterprise,70,0,0,70000,840000,6363.636363636364,11,0
A-96bbc6,Company_342,Cybersecurity,US,2024-05-07,organic,Enterprise,39,0,0,30426,365112,3803.25,8,0
A-bc4d48,Company_343,EdTech,US,2024-06-12,ads,Pro,35,1,0,12390,148680,1770.0,7,0
A-b30291,Company_344,HealthTech,US,2024-04-05,event,Basic,5,1,1,5375,64500,537.5,10,1
A-cdf020,Company_345,DevTools,AU,2023-08-16,organic,Pro,23,0,0,18072,216864,2259.0,8,3
A-e6afc1,Company_346,DevTools,US,2023-02-24,ads,Pro,1,0,0,22582,270984,2052.909090909091,11,0
A-e3bd71,Company_347,Cybersecurity,US,2023-03-25,partner,Basic,31,0,0,41630,499560,3784.5454545454545,11,1
A-b179bf,Company_348,Cybersecurity,IN,2024-10-27,ads,Basic,43,0,0,17931,215172,3586.2,5,0
A-098560,Company_349,DevTools,UK,2023-10-21,ads,Enterprise,1,0,1,12326,147912,1120.5454545454545,11,1
A-82861f,Company_350,DevTools,UK,2024-04-25,organic,Basic,41,0,0,43633,523596,4363.3,10,3
A-94c3cd,Company_351,FinTech,CA,2023-09-20,other,Enterprise,32,0,0,9036,108432,1506.0,6,0
A-a33200,Company_352,HealthTech,US,2024-09-15,partner,Basic,29,0,0,28913,346956,2409.4166666666665,12,1
A-034368,Company_353,EdTech,US,2023-11-05,event,Enterprise,19,0,0,11194,134328,2238.8,5,0
A-b54c01,Company_354,DevTools,US,2024-09-29,event,Enterprise,29,0,0,3393,40716,848.25,4,0
A-d82ef9,Company_355,EdTech,UK,2024-07-02,other,Basic,26,0,1,14327,171924,1023.3571428571429,14,1
A-bb2f49,Company_356,Cybersecurity,US,2023-05-28,other,Pro,8,0,0,23990,287880,2180.909090909091,11,1
A-1f559b,Company_357,HealthTech,US,2023-09-04,organic,Enterprise,5,1,1,11756,141072,1175.6,10,2
A-5a215a,Company_358,EdTech,FR,2024-01-05,other,Enterprise,87,0,0,130152,1561824,7230.666666666667,18,6
A-3f9cc0,Company_359,HealthTech,US,2024-06-03,event,Basic,22,0,0,19940,239280,2848.5714285714284,7,0
A-f9cc74,Company_360,DevTools,FR,2024-10-12,partner,Enterprise,30,1,0,15557,186684,1555.7,10,1
A-ed510f,Company_361,Cybersecurity,IN,2023-01-17,partner,Basic,42,0,0,36162,433944,3616.2,10,1
A-5c9849,Company_362,EdTech,IN,2024-11-03,partner,Basic,19,0,0,36755,441060,4083.8888888888887,9,1
A-a7bd4b,Company_363,Cybersecurity,US,2023-02-15,ads,Enterprise,5,0,0,6268,75216,569.8181818181819,11,3
A-d4ac0e,Company_364,DevTools,UK,2024-04-20,ads,Basic,18,0,0,27557,330684,1450.3684210526317,19,1
A-ffdfd5,Company_365,EdTech,US,2024-04-13,organic,Basic,3,0,1,14322,171864,1432.2,10,1
A-0dbdc6,Company_366,Cybersecurity,DE,2023-02-12,other,Pro,30,0,1,28273,339276,3141.4444444444443,9,0
A-7cfe77,Company_367,DevTools,US,2024-07-10,ads,Pro,69,0,0,12765,153180,2553.0,5,0
A-1f0636,Company_368,EdTech,AU,2024-01-01,partner,Pro,105,0,0,94710,1136520,8610.0,11,1
A-40de06,Company_369,Cybersecurity,US,2023-05-08,event,Enterprise,28,0,1,28862,346344,1803.875,16,2
A-cb5333,Company_370,DevTools,US,2024-03-26,ads,Pro,33,0,0,26256,315072,1641.0,16,1
A-309e54,Company_371,DevTools,US,2024-12-09,other,Pro,15,0,0,28549,342588,2595.3636363636365,11,1
A-6e7827,Company_372,DevTools,US,2023-03-26,other,Basic,1,0,0,8344,100128,927.1111111111111,9,1
A-50bb9f,Company_373,Cybersecurity,US,2024-07-12,organic,Pro,2,0,0,17263,207156,2157.875,8,1
A-5fe118,Company_374,Cybersecurity,US,2024-11-07,other,Enterprise,39,0,0,22290,267480,4458.0,5,0
A-5247b3,Company_375,FinTech,UK,2024-03-12,partner,Pro,16,1,0,11791,141492,1071.909090909091,11,1
A-f44180,Company_376,Cybersecurity,UK,2023-02-13,event,Pro,9,0,0,28788,345456,2617.090909090909,11,2
A-c16cf7,Company_377,EdTech,US,2024-10-16,event,Pro,13,1,0,12274,147288,1227.4,10,1
A-d42431,Company_378,FinTech,FR,2024-06-09,ads,Enterprise,22,1,0,21160,253920,2351.1111111111113,9,1
A-6965e1,Company_379,DevTools,US,2024-11-25,organic,Basic,13,0,0,27765,333180,2313.75,12,0
A-0354fe,Company_380,Cybersecurity,US,2024-10-22,other,Basic,34,0,0,15470,185640,2210.0,7,1
A-0a62f5,Company_381,FinTech,UK,2024-09-11,partner,Pro,16,0,0,4861,58332,1215.25,4,0
A-f5641b,Company_382,EdTech,US,2024-03-30,other,Pro,31,0,0,39120,469440,3912.0,10,1
A-b44e3e,Company_383,Cybersecurity,UK,2024-02-12,ads,Basic,40,0,0,43521,522252,6217.285714285715,7,1
A-3b37d9,Company_384,FinTech,US,2023-01-27,event,Enterprise,23,0,0,19435,233220,2776.4285714285716,7,1
A-54d94a,Company_385,Cybersecurity,IN,2023-05-01,event,Basic,27,0,0,12557,150684,1141.5454545454545,11,1
A-7f29a7,Company_386,Cybersecurity,UK,2024-09-18,event,Basic,41,1,0,18860,226320,1714.5454545454545,11,3
A-089363,Company_387,FinTech,AU,2023-05-06,event,Basic,2,0,0,21104,253248,1507.4285714285713,14,2
A-524364,Company_388,DevTools,FR,2024-12-31,partner,Enterprise,3,0,0,9552,114624,1592.0,6,0
A-855a48,Company_389,EdTech,US,2023-12-22,partner,Pro,14,1,0,30376,364512,3797.0,8,0
A-756192,Company_390,FinTech,IN,2023-06-11,other,Basic,19,0,0,21400,256800,2140.0,10,0
A-49b828,Company_391,FinTech,IN,2023-05-05,ads,Pro,6,0,0,31108,373296,2222.0,14,0
A-c7ffc2,Company_392,Cybersecurity,US,2023-01-27,partner,Pro,30,1,0,36112,433344,3009.3333333333335,12,0
A-751c58,Company_393,FinTech,UK,2024-07-18,organic,Basic,15,0,0,19597,235164,1781.5454545454545,11,0
A-72799b,Company_394,DevTools,FR,2023-11-13,event,Enterprise,20,0,1,17315,207780,1731.5,10,1
A-812c5b,Company_395,DevTools,CA,2024-02-25,organic,Basic,55,0,1,29884,358608,2298.769230769231,13,0
A-69b156,Company_396,EdTech,US,2023-11-21,other,Pro,7,0,1,14293,171516,1588.111111111111,9,2
A-075038,Company_397,HealthTech,UK,2023-05-12,ads,Basic,17,0,0,18909,226908,1350.642857142857,14,0
A-940b8b,Company_398,HealthTech,DE,2024-03-19,organic,Basic,1,0,0,9640,115680,1205.0,8,0
A-2d1036,Company_399,FinTech,US,2024-06-14,ads,Pro,69,0,1,64653,775836,4973.307692307692,13,3
A-0f6450,Company_400,FinTech,US,2024-12-27,other,Pro,28,1,1,23800,285600,2163.6363636363635,11,0
A-9affe6,Company_401,Cybersecurity,US,2023-03-22,other,Pro,7,0,0,10636,127632,966.9090909090909,11,2
A-80eeb6,Company_402,Cybersecurity,UK,2023-05-09,organic,Enterprise,22,0,0,68489,821868,4280.5625,16,3
A-d4e0d4,Company_403,FinTech,US,2024-10-18,other,Basic,117,0,0,138060,1656720,13806.0,10,1
A-c7e58b,Company_404,HealthTech,IN,2023-06-25,other,Pro,3,0,0,5384,64608,769.1428571428571,7,0
A-016043,Company_405,EdTech,CA,2024-07-31,organic,Basic,4,1,0,16516,198192,1501.4545454545455,11,1
A-bbe56f,Company_406,HealthTech,US,2023-02-16,ads,Enterprise,21,0,0,6025,72300,1205.0,5,0
A-7c5768,Company_407,HealthTech,UK,2024-03-02,event,Enterprise,3,0,0,3389,40668,376.55555555555554,9,0
A-751bd4,Company_408,Cybersecurity,UK,2024-07-12,partner,Pro,10,0,0,190,2280,95.0,2,0
A-4e0e85,Company_409,DevTools,US,2023-09-08,organic,Enterprise,6,0,0,4544,54528,568.0,8,0
A-ad3abd,Company_410,FinTech,US,2023-03-03,event,Pro,44,0,0,16896,202752,2413.714285714286,7,3
A-e19ff6,Company_411,Cybersecurity,UK,2023-07-28,partner,Enterprise,1,0,0,4910,58920,409.1666666666667,12,0
A-7920cc,Company_412,Cybersecurity,FR,2023-11-23,ads,Pro,39,0,0,52089,625068,3255.5625,16,0
A-5a92e7,Company_413,HealthTech,US,2024-06-11,ads,Pro,4,0,0,12671,152052,666.8947368421053,19,2
A-fdfc91,Company_414,Cybersecurity,US,2023-05-06,ads,Basic,29,0,0,20612,247344,2061.2,10,1
A-1e50e0,Company_415,Cybersecurity,DE,2023-02-21,other,Pro,19,1,1,13295,159540,2659.0,5,1
A-1e1b80,Company_416,FinTech,CA,2023-09-12,other,Enterprise,50,0,0,48647,583764,4053.9166666666665,12,0
A-659280,Company_417,FinTech,IN,2023-11-17,event,Enterprise,13,1,1,21450,257400,1787.5,12,0
A-f6b2fb,Company_418,DevTools,AU,2024-04-23,event,Basic,23,0,0,23359,280308,2335.9,10,2
A-cb6cc6,Company_419,DevTools,US,2023-04-03,ads,Basic,13,1,0,2622,31464,374.57142857142856,7,0
A-d62e02,Company_420,Cybersecurity,US,2024-08-20,partner,Pro,6,0,0,21324,255888,2132.4,10,0
A-d535f6,Company_421,DevTools,US,2024-09-03,organic,Basic,12,1,1,7415,88980,823.8888888888889,9,0
A-39868b,Company_422,FinTech,AU,2024-03-17,partner,Pro,9,0,0,4194,50328,838.8,5,0
A-3cc791,Company_423,EdTech,US,2024-01-10,other,Enterprise,6,0,0,8522,102264,1065.25,8,0
A-337bc1,Company_424,Cybersecurity,US,2023-07-19,organic,Pro,30,1,0,19379,232548,2768.4285714285716,7,0
A-58b9ff,Company_425,DevTools,IN,2024-05-31,partner,Enterprise,2,0,0,22642,271704,1741.6923076923076,13,1
A-bf7919,Company_426,HealthTech,US,2024-11-27,organic,Pro,3,0,0,1560,18720,260.0,6,1
A-1d5444,Company_427,Cybersecurity,US,2024-01-18,partner,Basic,24,0,1,30958,371496,2211.285714285714,14,0
A-0f3e88,Company_428,HealthTech,US,2023-07-23,other,Basic,7,0,1,5624,67488,511.27272727272725,11,1
A-7641d3,Company_429,EdTech,US,2023-02-16,partner,Pro,8,1,1,12060,144720,1096.3636363636363,11,0
A-cd458b,Company_430,DevTools,US,2024-06-15,other,Basic,10,1,0,43291,519492,2886.0666666666666,15,1
A-c16b88,Company_431,HealthTech,US,2023-12-02,event,Enterprise,23,0,0,20338,244056,2259.777777777778,9,1
A-59f724,Company_432,HealthTech,US,2023-11-03,other,Enterprise,3,1,0,9773,117276,814.4166666666666,12,0
A-87aa7b,Company_433,HealthTech,US,2024-05-16,organic,Pro,24,1,0,22881,274572,1430.0625,16,0
A-1e6fc3,Company_434,EdTech,FR,2023-12-06,other,Pro,1,0,0,444,5328,111.0,4,1
A-39ddf4,Company_435,EdTech,US,2024-12-05,partner,Enterprise,40,0,0,35836,430032,3981.777777777778,9,1
A-34ea2f,Company_436,HealthTech,US,2024-08-15,organic,Enterprise,8,0,1,14583,174996,1215.25,12,2
A-716841,Company_437,FinTech,US,2024-05-06,other,Pro,45,0,0,26234,314808,3279.25,8,0
A-558c72,Company_438,FinTech,US,2023-06-01,organic,Basic,12,0,0,9171,110052,1310.142857142857,7,1
A-b11cd0,Company_439,DevTools,US,2023-01-20,ads,Pro,26,1,1,4806,57672,801.0,6,2
A-cc1d8d,Company_440,FinTech,US,2024-12-08,other,Pro,5,0,0,8947,107364,688.2307692307693,13,0
A-7f4db3,Company_441,FinTech,US,2023-03-05,other,Pro,4,0,0,26276,315312,1751.7333333333333,15,3
A-db5e9e,Company_442,DevTools,US,2024-11-09,partner,Basic,4,0,0,9251,111012,1156.375,8,1
A-cc102e,Company_443,HealthTech,US,2024-04-15,partner,Enterprise,13,0,0,10063,120756,1006.3,10,1
A-82d8a6,Company_444,Cybersecurity,UK,2024-11-28,ads,Basic,5,0,0,27966,335592,1645.0588235294117,17,4
A-dec005,Company_445,HealthTech,US,2023-10-13,partner,Pro,21,0,0,30744,368928,3074.4,10,1
A-5790f4,Company_446,FinTech,UK,2024-12-22,event,Pro,1,1,0,18926,227112,3154.3333333333335,6,1
A-7c83a1,Company_447,Cybersecurity,US,2024-05-06,partner,Pro,12,0,0,16731,200772,1394.25,12,3
A-297a2d,Company_448,HealthTech,UK,2023-05-05,event,Pro,27,0,0,14373,172476,2874.6,5,0
A-4c56c9,Company_449,FinTech,US,2023-12-20,partner,Enterprise,9,0,1,30471,365652,2343.923076923077,13,3
A-cbbe12,Company_450,Cybersecurity,DE,2023-03-22,partner,Enterprise,40,0,0,13081,156972,2180.1666666666665,6,2
A-4a267b,Company_451,FinTech,US,2024-05-05,other,Pro,25,0,0,29687,356244,2968.7,10,2
A-bcbe98,Company_452,Cybersecurity,US,2024-07-29,other,Enterprise,46,0,0,21666,259992,1969.6363636363637,11,0
A-427b69,Company_453,FinTech,US,2024-08-23,other,Basic,17,0,0,19958,239496,1995.8,10,1
A-0be015,Company_454,FinTech,US,2024-10-15,event,Pro,19,0,0,1178,14136,235.6,5,1
A-054577,Company_455,EdTech,UK,2024-04-28,ads,Basic,2,0,0,44601,535212,2787.5625,16,1
A-bc87bc,Company_456,FinTech,US,2024-07-17,event,Pro,3,0,0,12032,144384,1504.0,8,2
A-0f7d77,Company_457,FinTech,IN,2024-10-28,partner,Pro,3,0,0,2326,27912,387.6666666666667,6,1
A-e7beab,Company_458,EdTech,DE,2023-10-20,organic,Enterprise,5,0,0,11332,135984,1618.857142857143,7,3
A-a09355,Company_459,FinTech,US,2024-08-10,organic,Basic,14,0,0,34140,409680,2133.75,16,1
A-31ab9a,Company_460,FinTech,DE,2024-03-03,organic,Pro,3,0,0,15802,189624,2257.4285714285716,7,0
A-0158bb,Company_461,FinTech,DE,2024-05-22,partner,Basic,5,0,0,4070,48840,678.3333333333334,6,0
A-f19b24,Company_462,Cybersecurity,US,2023-01-10,organic,Pro,29,1,0,2523,30276,841.0,3,0
A-798a3f,Company_463,DevTools,FR,2023-10-19,other,Enterprise,12,0,1,14152,169824,1572.4444444444443,9,2
A-42b791,Company_464,FinTech,AU,2024-05-20,event,Pro,3,0,0,19060,228720,2722.8571428571427,7,1
A-068fc6,Company_465,EdTech,US,2023-07-17,event,Enterprise,35,0,0,29085,349020,2908.5,10,1
A-6f50ae,Company_466,FinTech,US,2023-09-21,partner,Pro,19,0,1,26608,319296,1900.5714285714287,14,0
A-a2485e,Company_467,FinTech,US,2024-08-04,event,Pro,3,1,0,8775,105300,1462.5,6,0
A-bb1eaa,Company_468,Cybersecurity,US,2024-06-11,organic,Basic,21,0,0,10381,124572,2076.2,5,0
A-cc98bc,Company_469,DevTools,US,2023-05-24,ads,Basic,32,0,0,21567,258804,2156.7,10,1
A-d77f4c,Company_470,DevTools,US,2023-09-25,partner,Pro,4,1,0,48726,584712,3480.4285714285716,14,2
A-ccabf0,Company_471,HealthTech,IN,2023-11-06,organic,Pro,1,0,0,22379,268548,2237.9,10,2
A-700ade,Company_472,Cybersecurity,UK,2024-10-31,organic,Enterprise,1,1,0,16875,202500,2109.375,8,2
A-4a4c2d,Company_473,DevTools,US,2023-05-02,event,Enterprise,54,0,0,33966,407592,2612.769230769231,13,1
A-b7ef83,Company_474,Cybersecurity,UK,2024-05-29,partner,Pro,1,1,0,35868,430416,2391.2,15,1
A-e08cd3,Company_475,FinTech,US,2024-09-21,ads,Pro,67,1,0,71020,852240,6456.363636363636,11,1
A-19b2c8,Company_476,DevTools,IN,2023-06-06,other,Pro,20,0,0,26703,320436,2054.076923076923,13,0
A-970c97,Company_477,HealthTech,DE,2024-03-01,other,Enterprise,14,0,0,15381,184572,1922.625,8,1
A-6dee43,Company_478,FinTech,UK,2023-08-12,other,Basic,3,1,0,22770,273240,2070.0,11,1
A-5ed98d,Company_479,DevTools,US,2024-06-22,partner,Basic,24,0,0,15478,185736,1934.75,8,0
A-c58f49,Company_480,EdTech,US,2024-07-31,other,Enterprise,70,1,0,70980,851760,10140.0,7,0
A-9c18c4,Company_481,HealthTech,US,2023-07-27,ads,Pro,11,0,1,17823,213876,1782.3,10,2
A-cc8c8f,Company_482,DevTools,US,2024-06-16,ads,Enterprise,23,0,0,15600,187200,2228.5714285714284,7,1
A-5f7781,Company_483,DevTools,US,2024-08-20,other,Pro,22,0,0,10252,123024,2050.4,5,0
A-e1b9cd,Company_484,DevTools,US,2023-02-26,event,Pro,40,0,1,37042,444504,2469.4666666666667,15,3
A-ac85cd,Company_485,EdTech,US,2024-07-31,partner,Enterprise,53,0,0,41267,495204,3438.9166666666665,12,3
A-d792a6,Company_486,DevTools,US,2023-01-23,organic,Enterprise,4,0,0,23049,276588,1536.6,15,1
A-ac9111,Company_487,HealthTech,US,2023-08-12,event,Pro,21,1,0,26626,319512,1664.125,16,2
A-18793f,Company_488,EdTech,US,2024-12-18,organic,Basic,148,1,0,78588,943056,7144.363636363636,11,1
A-9f0b68,Company_489,EdTech,US,2024-04-28,ads,Basic,10,0,0,28518,342216,2376.5,12,0
A-d3c88e,Company_490,DevTools,US,2024-10-18,event,Pro,16,0,0,26183,314196,2014.076923076923,13,0
A-ccb686,Company_491,DevTools,US,2024-01-22,other,Basic,10,0,0,21541,258492,1795.0833333333333,12,1
A-118f1c,Company_492,Cybersecurity,US,2024-10-31,other,Pro,32,0,0,52160,625920,6520.0,8,2
A-0e966d,Company_493,FinTech,IN,2024-06-25,ads,Basic,11,0,1,12445,149340,1131.3636363636363,11,1
A-b9f5b1,Company_494,Cybersecurity,US,2023-01-24,other,Pro,15,1,0,7072,84864,1010.2857142857143,7,1
A-8ae3fc,Company_495,DevTools,CA,2024-06-28,ads,Pro,9,0,0,4447,53364,555.875,8,0
A-55f257,Company_496,FinTech,US,2023-12-21,organic,Basic,9,0,0,12137,145644,1213.7,10,0
A-d26ab4,Company_497,DevTools,UK,2024-11-07,organic,Basic,9,0,1,16613,199356,1845.888888888889,9,1
A-712533,Company_498,EdTech,US,2023-07-31,organic,Pro,18,0,0,19382,232584,1615.1666666666667,12,0
A-781cc0,Company_499,EdTech,US,2024-09-04,organic,Pro,12,0,0,18315,219780,1144.6875,16,2
